"","Seq","aou","English_Common_Name","French_Common_Name","Spanish_Common_Name","ORDER","Family","Genus","species"
"1",6,1770,"Black-bellied Whistling-Duck","Dendrocygne à ventre noir","Dendrocygna autumnalis","Anseriformes","Anatidae","Dendrocygna","autumnalis"
"2",7,1780,"Fulvous Whistling-Duck","Dendrocygne fauve","Dendrocygna bicolor","Anseriformes","Anatidae","Dendrocygna","bicolor"
"3",8,1760,"Emperor Goose","Oie empereur","Anser canagicus","Anseriformes","Anatidae","Anser","canagicus"
"4",9,1690,"Snow Goose","Oie des neiges","Anser caerulescens","Anseriformes","Anatidae","Anser","caerulescens"
"5",10,1691,"(Blue Goose) Snow Goose","Oie des neiges (forme bleue)","Anser caerulescens (blue form)","Anseriformes","Anatidae","Anser","caerulescens (blue form)"
"6",11,1700,"Ross's Goose","Oie de Ross","Anser rossii","Anseriformes","Anatidae","Anser","rossii"
"7",13,1710,"Greater White-fronted Goose","Oie rieuse","Anser albifrons","Anseriformes","Anatidae","Anser","albifrons"
"8",18,1730,"Brant","Bernache cravant","Branta bernicla","Anseriformes","Anatidae","Branta","bernicla"
"9",19,1740,"(Black Brant) Brant","Bernache cravant (groupe nigricans)","Branta bernicla nigricans","Anseriformes","Anatidae","Branta","bernicla nigricans"
"10",21,1725,"Cackling Goose","Bernache de Hutchins","Branta hutchinsii","Anseriformes","Anatidae","Branta","hutchinsii"
"11",22,1720,"Canada Goose","Bernache du Canada","Branta canadensis","Anseriformes","Anatidae","Branta","canadensis"
"12",23,1782,"Mute Swan","Cygne tuberculé","Cygnus olor","Anseriformes","Anatidae","Cygnus","olor"
"13",24,1810,"Trumpeter Swan","Cygne trompette","Cygnus buccinator","Anseriformes","Anatidae","Cygnus","buccinator"
"14",25,1800,"Tundra Swan","Cygne siffleur","Cygnus columbianus","Anseriformes","Anatidae","Cygnus","columbianus"
"15",29,1440,"Wood Duck","Canard branchu","Aix sponsa","Anseriformes","Anatidae","Aix","sponsa"
"16",32,1400,"Blue-winged Teal","Sarcelle à ailes bleues","Spatula discors","Anseriformes","Anatidae","Spatula","discors"
"17",33,1410,"Cinnamon Teal","Sarcelle cannelle","Spatula cyanoptera","Anseriformes","Anatidae","Spatula","cyanoptera"
"18",34,1420,"Northern Shoveler","Canard souchet","Spatula clypeata","Anseriformes","Anatidae","Spatula","clypeata"
"19",35,1350,"Gadwall","Canard chipeau","Mareca strepera","Anseriformes","Anatidae","Mareca","strepera"
"20",37,1360,"Eurasian Wigeon","Canard siffleur","Mareca penelope","Anseriformes","Anatidae","Mareca","penelope"
"21",38,1370,"American Wigeon","Canard d'Amérique","Mareca americana","Anseriformes","Anatidae","Mareca","americana"
"22",40,1320,"Mallard","Canard colvert","Anas platyrhynchos","Anseriformes","Anatidae","Anas","platyrhynchos"
"23",41,1331,"(Mexican Duck) Mallard","Canard du Mexique","Anas platyrhynchos diazi","Anseriformes","Anatidae","Anas","platyrhynchos diazi"
"24",42,1330,"American Black Duck","Canard noir","Anas rubripes","Anseriformes","Anatidae","Anas","rubripes"
"25",43,1340,"Mottled Duck","Canard brun","Anas fulvigula","Anseriformes","Anatidae","Anas","fulvigula"
"26",44,1326,"hybrid Mallard x Black Duck or Mottled Duck","hybride Canard colvert x Canard noir","Anas platyrhynchos x rubripes or fulvigula","Anseriformes","Anatidae","Anas","platyrhynchos x rubripes or fulvigula"
"27",46,1430,"Northern Pintail","Canard pilet","Anas acuta","Anseriformes","Anatidae","Anas","acuta"
"28",47,1390,"Green-winged Teal","Sarcelle d'hiver","Anas crecca","Anseriformes","Anatidae","Anas","crecca"
"29",48,1470,"Canvasback","Fuligule à dos blanc","Aythya valisineria","Anseriformes","Anatidae","Aythya","valisineria"
"30",49,1460,"Redhead","Fuligule à tête rouge","Aythya americana","Anseriformes","Anatidae","Aythya","americana"
"31",51,1500,"Ring-necked Duck","Fuligule à collier","Aythya collaris","Anseriformes","Anatidae","Aythya","collaris"
"32",52,1491,"Tufted Duck","Fuligule morillon","Aythya fuligula","Anseriformes","Anatidae","Aythya","fuligula"
"33",53,1480,"Greater Scaup","Fuligule milouinan","Aythya marila","Anseriformes","Anatidae","Aythya","marila"
"34",54,1490,"Lesser Scaup","Petit Fuligule","Aythya affinis","Anseriformes","Anatidae","Aythya","affinis"
"35",55,1489,"unid. Greater Scaup / Lesser Scaup","unid Fuligule milouinan / Petit Fuligule","Aythya marila / affinis","Anseriformes","Anatidae","Aythya","marila / affinis"
"36",58,1620,"King Eider","Eider à tête grise","Somateria spectabilis","Anseriformes","Anatidae","Somateria","spectabilis"
"37",59,1590,"Common Eider","Eider à duvet","Somateria mollissima","Anseriformes","Anatidae","Somateria","mollissima"
"38",60,1550,"Harlequin Duck","Arlequin plongeur","Histrionicus histrionicus","Anseriformes","Anatidae","Histrionicus","histrionicus"
"39",61,1660,"Surf Scoter","Macreuse à front blanc","Melanitta perspicillata","Anseriformes","Anatidae","Melanitta","perspicillata"
"40",62,1650,"White-winged Scoter","Macreuse brune","Melanitta fusca","Anseriformes","Anatidae","Melanitta","fusca"
"41",64,1630,"Black Scoter","Macreuse à bec jaune","Melanitta americana","Anseriformes","Anatidae","Melanitta","americana"
"42",65,1657,"unid. scoter","unid macreuse sp.","Melanitta perspicillata / fusca / americana","Anseriformes","Anatidae","Melanitta","perspicillata / fusca / americana"
"43",66,1540,"Long-tailed Duck","Harelde kakawi","Clangula hyemalis","Anseriformes","Anatidae","Clangula","hyemalis"
"44",67,1530,"Bufflehead","Petit Garrot","Bucephala albeola","Anseriformes","Anatidae","Bucephala","albeola"
"45",68,1510,"Common Goldeneye","Garrot à oeil d'or","Bucephala clangula","Anseriformes","Anatidae","Bucephala","clangula"
"46",69,1520,"Barrow's Goldeneye","Garrot d'Islande","Bucephala islandica","Anseriformes","Anatidae","Bucephala","islandica"
"47",70,1512,"unid. Common Goldeneye / Barrow's Goldeneye","unid Garrot à oeil d'or / Garrot d'Islande","Bucephala clangula / islandica","Anseriformes","Anatidae","Bucephala","clangula / islandica"
"48",72,1310,"Hooded Merganser","Harle couronné","Lophodytes cucullatus","Anseriformes","Anatidae","Lophodytes","cucullatus"
"49",73,1290,"Common Merganser","Grand Harle","Mergus merganser","Anseriformes","Anatidae","Mergus","merganser"
"50",74,1300,"Red-breasted Merganser","Harle huppé","Mergus serrator","Anseriformes","Anatidae","Mergus","serrator"
"51",76,1670,"Ruddy Duck","Érismature rousse","Oxyura jamaicensis","Anseriformes","Anatidae","Oxyura","jamaicensis"
"52",115,2973,"unid. Dusky Grouse / Sooty Grouse","unid Tétras sombre / Tétras fuligineux","Dendragapus obscurus / fuliginosus","Galliformes","Phasianidae","Dendragapus","obscurus / fuliginosus"
"53",122,50,"Least Grebe","Grèbe minime","Tachybaptus dominicus","Podicipediformes","Podicipedidae","Tachybaptus","dominicus"
"54",123,60,"Pied-billed Grebe","Grèbe à bec bigarré","Podilymbus podiceps","Podicipediformes","Podicipedidae","Podilymbus","podiceps"
"55",124,30,"Horned Grebe","Grèbe esclavon","Podiceps auritus","Podicipediformes","Podicipedidae","Podiceps","auritus"
"56",125,20,"Red-necked Grebe","Grèbe jougris","Podiceps grisegena","Podicipediformes","Podicipedidae","Podiceps","grisegena"
"57",126,40,"Eared Grebe","Grèbe à cou noir","Podiceps nigricollis","Podicipediformes","Podicipedidae","Podiceps","nigricollis"
"58",127,10,"Western Grebe","Grèbe élégant","Aechmophorus occidentalis","Podicipediformes","Podicipedidae","Aechmophorus","occidentalis"
"59",128,11,"Clark's Grebe","Grèbe à face blanche","Aechmophorus clarkii","Podicipediformes","Podicipedidae","Aechmophorus","clarkii"
"60",129,12,"unid. Western Grebe / Clark's Grebe","unid Grèbe élégant / Grèbe à face blanche","Aechmophorus occidentalis / clarkii","Podicipediformes","Podicipedidae","Aechmophorus","occidentalis / clarkii"
"61",168,3875,"unid. Yellow-billed Cuckoo / Black-billed Cuckoo","unid Coulicou à bec jaune / Coulicou à bec noir","Coccyzus americanus / erythropthalmus","Cuculiformes","Cuculidae","Coccyzus","americanus / erythropthalmus"
"62",177,4210,"Lesser Nighthawk","Engoulevent minime","Chordeiles acutipennis","Caprimulgiformes","Caprimulgidae","Chordeiles","acutipennis"
"63",178,4200,"Common Nighthawk","Engoulevent d'Amérique","Chordeiles minor","Caprimulgiformes","Caprimulgidae","Chordeiles","minor"
"64",179,4201,"Antillean Nighthawk","Engoulevent piramidig","Chordeiles gundlachii","Caprimulgiformes","Caprimulgidae","Chordeiles","gundlachii"
"65",180,4205,"unid. Lesser Nighthawk / Common Nighthawk","unid Engoulevent minime / Engoulevent d'Amérique","Chordeiles acutipennis / minor","Caprimulgiformes","Caprimulgidae","Chordeiles","acutipennis / minor"
"66",181,4206,"unid. Common Nighthawk / Antillean Nighthawk","unid Engoulevent d'Amérique / piramidig","Chordeiles minor / gundlachii","Caprimulgiformes","Caprimulgidae","Chordeiles","minor / gundlachii"
"67",182,4190,"Common Pauraque","Engoulevent pauraqué","Nyctidromus albicollis","Caprimulgiformes","Caprimulgidae","Nyctidromus","albicollis"
"68",183,4180,"Common Poorwill","Engoulevent de Nuttall","Phalaenoptilus nuttallii","Caprimulgiformes","Caprimulgidae","Phalaenoptilus","nuttallii"
"69",186,4160,"Chuck-will's-widow","Engoulevent de Caroline","Antrostomus carolinensis","Caprimulgiformes","Caprimulgidae","Antrostomus","carolinensis"
"70",190,4171,"Eastern Whip-poor-will","Engoulevent bois-pourri","Antrostomus vociferus","Caprimulgiformes","Caprimulgidae","Antrostomus","vociferus"
"71",191,4172,"Mexican Whip-poor-will","Engoulevent d'Arizona","Antrostomus arizonae","Caprimulgiformes","Caprimulgidae","Antrostomus","arizonae"
"72",234,4295,"unid. Ruby-throated / Black-chinned Hummingbird","unid Colibri à gorge rubis / Colibri à gorge noire","Archilochus colubris / alexandri","Apodiformes","Trochilidae","Archilochus","colubris / alexandri"
"73",242,4335,"unid. Rufous Hummingbird / Allen's Hummingbird","unid Colibri roux / Colibri d'Allen","Selasphorus rufus / sasin","Apodiformes","Trochilidae","Selasphorus","rufus / sasin"
"74",243,4402,"unid. hummingbird","unid Colibri sp.","Trochilid sp.","Apodiformes","Trochilidae","Trochilid","sp."
"75",272,2150,"Yellow Rail","Râle jaune","Coturnicops noveboracensis","Gruiformes","Rallidae","Coturnicops","noveboracensis"
"76",275,2160,"Black Rail","Râle noir","Laterallus jamaicensis","Gruiformes","Rallidae","Laterallus","jamaicensis"
"77",277,2111,"Ridgway's Rail","Râle de Californie","Rallus obsoletus","Gruiformes","Rallidae","Rallus","obsoletus"
"78",278,2110,"Clapper Rail","Râle tapageur","Rallus crepitans","Gruiformes","Rallidae","Rallus","crepitans"
"79",280,2080,"King Rail","Râle élégant","Rallus elegans","Gruiformes","Rallidae","Rallus","elegans"
"80",281,2090,"unid. Clapper / King Rail","unid Râle élégant / Râle Gris","Rallus crepitans / elegans","Gruiformes","Rallidae","Rallus","crepitans / elegans"
"81",282,2120,"Virginia Rail","Râle de Virginie","Rallus limicola","Gruiformes","Rallidae","Rallus","limicola"
"82",286,2140,"Sora","Marouette de Caroline","Porzana carolina","Gruiformes","Rallidae","Porzana","carolina"
"83",290,2180,"Purple Gallinule","Talève violacée","Porphyrio martinicus","Gruiformes","Rallidae","Porphyrio","martinicus"
"84",292,2190,"Common Gallinule","Gallinule d'Amérique","Gallinula galeata","Gruiformes","Rallidae","Gallinula","galeata"
"85",295,2210,"American Coot","Foulque d'Amérique","Fulica americana","Gruiformes","Rallidae","Fulica","americana"
"86",297,2070,"Limpkin","Courlan brun","Aramus guarauna","Gruiformes","Aramidae","Aramus","guarauna"
"87",298,2060,"Sandhill Crane","Grue du Canada","Antigone canadensis","Gruiformes","Gruidae","Antigone","canadensis"
"88",300,2040,"Whooping Crane","Grue blanche","Grus americana","Gruiformes","Gruidae","Grus","americana"
"89",303,2260,"Black-necked Stilt","Échasse d'Amérique","Himantopus mexicanus","Charadriiformes","Recurvirostridae","Himantopus","mexicanus"
"90",304,2250,"American Avocet","Avocette d'Amérique","Recurvirostra americana","Charadriiformes","Recurvirostridae","Recurvirostra","americana"
"91",306,2860,"American Oystercatcher","Huîtrier d'Amérique","Haematopus palliatus","Charadriiformes","Haematopodidae","Haematopus","palliatus"
"92",307,2870,"Black Oystercatcher","Huîtrier de Bachman","Haematopus bachmani","Charadriiformes","Haematopodidae","Haematopus","bachmani"
"93",310,2700,"Black-bellied Plover","Pluvier argenté","Pluvialis squatarola","Charadriiformes","Charadriidae","Pluvialis","squatarola"
"94",312,2720,"American Golden-Plover","Pluvier bronzé","Pluvialis dominica","Charadriiformes","Charadriidae","Pluvialis","dominica"
"95",313,2721,"Pacific Golden-Plover","Pluvier fauve","Pluvialis fulva","Charadriiformes","Charadriidae","Pluvialis","fulva"
"96",317,2780,"Snowy Plover","Pluvier neigeux","Charadrius nivosus","Charadriiformes","Charadriidae","Charadrius","nivosus"
"97",318,2800,"Wilson's Plover","Pluvier de Wilson","Charadrius wilsonia","Charadriiformes","Charadriidae","Charadrius","wilsonia"
"98",319,2750,"Common Ringed Plover","Pluvier grand-gravelot","Charadrius hiaticula","Charadriiformes","Charadriidae","Charadrius","hiaticula"
"99",320,2740,"Semipalmated Plover","Pluvier semipalmé","Charadrius semipalmatus","Charadriiformes","Charadriidae","Charadrius","semipalmatus"
"100",321,2770,"Piping Plover","Pluvier siffleur","Charadrius melodus","Charadriiformes","Charadriidae","Charadrius","melodus"
"101",323,2730,"Killdeer","Pluvier kildir","Charadrius vociferus","Charadriiformes","Charadriidae","Charadrius","vociferus"
"102",324,2810,"Mountain Plover","Pluvier montagnard","Charadrius montanus","Charadriiformes","Charadriidae","Charadrius","montanus"
"103",327,2610,"Upland Sandpiper","Maubèche des champs","Bartramia longicauda","Charadriiformes","Scolopacidae","Bartramia","longicauda"
"104",328,2680,"Bristle-thighed Curlew","Courlis d'Alaska","Numenius tahitiensis","Charadriiformes","Scolopacidae","Numenius","tahitiensis"
"105",329,2650,"Whimbrel","Courlis corlieu","Numenius phaeopus","Charadriiformes","Scolopacidae","Numenius","phaeopus"
"106",331,2640,"Long-billed Curlew","Courlis à long bec","Numenius americanus","Charadriiformes","Scolopacidae","Numenius","americanus"
"107",335,2500,"Bar-tailed Godwit","Barge rousse","Limosa lapponica","Charadriiformes","Scolopacidae","Limosa","lapponica"
"108",337,2510,"Hudsonian Godwit","Barge hudsonienne","Limosa haemastica","Charadriiformes","Scolopacidae","Limosa","haemastica"
"109",338,2490,"Marbled Godwit","Barge marbrée","Limosa fedoa","Charadriiformes","Scolopacidae","Limosa","fedoa"
"110",339,2830,"Ruddy Turnstone","Tournepierre à collier","Arenaria interpres","Charadriiformes","Scolopacidae","Arenaria","interpres"
"111",340,2840,"Black Turnstone","Tournepierre noir","Arenaria melanocephala","Charadriiformes","Scolopacidae","Arenaria","melanocephala"
"112",342,2340,"Red Knot","Bécasseau maubèche","Calidris canutus","Charadriiformes","Scolopacidae","Calidris","canutus"
"113",343,2820,"Surfbird","Bécasseau du ressac","Calidris virgata","Charadriiformes","Scolopacidae","Calidris","virgata"
"114",346,2380,"Sharp-tailed Sandpiper","Bécasseau à queue pointue","Calidris acuminata","Charadriiformes","Scolopacidae","Calidris","acuminata"
"115",347,2330,"Stilt Sandpiper","Bécasseau à échasses","Calidris himantopus","Charadriiformes","Scolopacidae","Calidris","himantopus"
"116",352,2422,"Red-necked Stint","Bécasseau à col roux","Calidris ruficollis","Charadriiformes","Scolopacidae","Calidris","ruficollis"
"117",353,2480,"Sanderling","Bécasseau sanderling","Calidris alba","Charadriiformes","Scolopacidae","Calidris","alba"
"118",354,2430,"Dunlin","Bécasseau variable","Calidris alpina","Charadriiformes","Scolopacidae","Calidris","alpina"
"119",355,2356,"Rock Sandpiper","Bécasseau des Aléoutiennes","Calidris ptilocnemis","Charadriiformes","Scolopacidae","Calidris","ptilocnemis"
"120",356,2350,"Purple Sandpiper","Bécasseau violet","Calidris maritima","Charadriiformes","Scolopacidae","Calidris","maritima"
"121",357,2410,"Baird's Sandpiper","Bécasseau de Baird","Calidris bairdii","Charadriiformes","Scolopacidae","Calidris","bairdii"
"122",359,2420,"Least Sandpiper","Bécasseau minuscule","Calidris minutilla","Charadriiformes","Scolopacidae","Calidris","minutilla"
"123",360,2400,"White-rumped Sandpiper","Bécasseau à croupion blanc","Calidris fuscicollis","Charadriiformes","Scolopacidae","Calidris","fuscicollis"
"124",361,2620,"Buff-breasted Sandpiper","Bécasseau roussâtre","Calidris subruficollis","Charadriiformes","Scolopacidae","Calidris","subruficollis"
"125",362,2390,"Pectoral Sandpiper","Bécasseau à poitrine cendrée","Calidris melanotos","Charadriiformes","Scolopacidae","Calidris","melanotos"
"126",363,2460,"Semipalmated Sandpiper","Bécasseau semipalmé","Calidris pusilla","Charadriiformes","Scolopacidae","Calidris","pusilla"
"127",364,2470,"Western Sandpiper","Bécasseau d'Alaska","Calidris mauri","Charadriiformes","Scolopacidae","Calidris","mauri"
"128",365,2429,"unid. small ''peep'' sandpiper","unid petit Bécasseau sp.","Calidris sp.","Charadriiformes","Scolopacidae","Calidris","sp."
"129",366,2310,"Short-billed Dowitcher","Bécassin roux","Limnodromus griseus","Charadriiformes","Scolopacidae","Limnodromus","griseus"
"130",367,2320,"Long-billed Dowitcher","Bécassin à long bec","Limnodromus scolopaceus","Charadriiformes","Scolopacidae","Limnodromus","scolopaceus"
"131",368,2327,"unid. Short-billed / Long-billed Dowitcher","unid Bécassin roux / Bécassin à long bec","Limnodromus griseus / scolopaceus","Charadriiformes","Scolopacidae","Limnodromus","griseus / scolopaceus"
"132",371,2280,"American Woodcock","Bécasse d'Amérique","Scolopax minor","Charadriiformes","Scolopacidae","Scolopax","minor"
"133",375,2300,"Wilson's Snipe","Bécassine de Wilson","Gallinago delicata","Charadriiformes","Scolopacidae","Gallinago","delicata"
"134",377,2631,"Common Sandpiper","Chevalier guignette","Actitis hypoleucos","Charadriiformes","Scolopacidae","Actitis","hypoleucos"
"135",378,2630,"Spotted Sandpiper","Chevalier grivelé","Actitis macularius","Charadriiformes","Scolopacidae","Actitis","macularius"
"136",380,2560,"Solitary Sandpiper","Chevalier solitaire","Tringa solitaria","Charadriiformes","Scolopacidae","Tringa","solitaria"
"137",382,2590,"Wandering Tattler","Chevalier errant","Tringa incana","Charadriiformes","Scolopacidae","Tringa","incana"
"138",383,2550,"Lesser Yellowlegs","Petit Chevalier","Tringa flavipes","Charadriiformes","Scolopacidae","Tringa","flavipes"
"139",384,2555,"unid. Greater Yellowlegs / Lesser Yellowlegs","unid Grand Chevalier / Petit Chevalier","Tringa melanoleuca / flavipes","Charadriiformes","Scolopacidae","Tringa","melanoleuca / flavipes"
"140",385,2580,"Willet","Chevalier semipalmé","Tringa semipalmata","Charadriiformes","Scolopacidae","Tringa","semipalmata"
"141",387,2530,"Common Greenshank","Chevalier aboyeur","Tringa nebularia","Charadriiformes","Scolopacidae","Tringa","nebularia"
"142",388,2540,"Greater Yellowlegs","Grand Chevalier","Tringa melanoleuca","Charadriiformes","Scolopacidae","Tringa","melanoleuca"
"143",392,2240,"Wilson's Phalarope","Phalarope de Wilson","Phalaropus tricolor","Charadriiformes","Scolopacidae","Phalaropus","tricolor"
"144",393,2230,"Red-necked Phalarope","Phalarope à bec étroit","Phalaropus lobatus","Charadriiformes","Scolopacidae","Phalaropus","lobatus"
"145",398,360,"Pomarine Jaeger","Labbe pomarin","Stercorarius pomarinus","Charadriiformes","Stercorariidae","Stercorarius","pomarinus"
"146",399,370,"Parasitic Jaeger","Labbe parasite","Stercorarius parasiticus","Charadriiformes","Stercorariidae","Stercorarius","parasiticus"
"147",400,380,"Long-tailed Jaeger","Labbe à longue queue","Stercorarius longicaudus","Charadriiformes","Stercorariidae","Stercorarius","longicaudus"
"148",402,300,"Common Murre","Guillemot marmette","Uria aalge","Charadriiformes","Alcidae","Uria","aalge"
"149",403,310,"Thick-billed Murre","Guillemot de Brünnich","Uria lomvia","Charadriiformes","Alcidae","Uria","lomvia"
"150",404,315,"unid. Common Murre / Thick-billed Murre","unid Guillemot marmette / Guillemot de Brünnich","Uria aalge / lomvia","Charadriiformes","Laridae","Uria","aalge / lomvia"
"151",405,320,"Razorbill","Petit Pingouin","Alca torda","Charadriiformes","Alcidae","Alca","torda"
"152",406,270,"Black Guillemot","Guillemot à miroir","Cepphus grylle","Charadriiformes","Alcidae","Cepphus","grylle"
"153",407,290,"Pigeon Guillemot","Guillemot colombin","Cepphus columba","Charadriiformes","Alcidae","Cepphus","columba"
"154",409,230,"Marbled Murrelet","Guillemot marbré","Brachyramphus marmoratus","Charadriiformes","Alcidae","Brachyramphus","marmoratus"
"155",410,240,"Kittlitz's Murrelet","Guillemot de Kittlitz","Brachyramphus brevirostris","Charadriiformes","Alcidae","Brachyramphus","brevirostris"
"156",414,210,"Ancient Murrelet","Guillemot à cou blanc","Synthliboramphus antiquus","Charadriiformes","Alcidae","Synthliboramphus","antiquus"
"157",415,160,"Cassin's Auklet","Starique de Cassin","Ptychoramphus aleuticus","Charadriiformes","Alcidae","Ptychoramphus","aleuticus"
"158",420,150,"Rhinoceros Auklet","Macareux rhinocéros","Cerorhinca monocerata","Charadriiformes","Alcidae","Cerorhinca","monocerata"
"159",422,140,"Horned Puffin","Macareux cornu","Fratercula corniculata","Charadriiformes","Alcidae","Fratercula","corniculata"
"160",423,120,"Tufted Puffin","Macareux huppé","Fratercula cirrhata","Charadriiformes","Alcidae","Fratercula","cirrhata"
"161",425,400,"Black-legged Kittiwake","Mouette tridactyle","Rissa tridactyla","Charadriiformes","Laridae","Rissa","tridactyla"
"162",428,620,"Sabine's Gull","Mouette de Sabine","Xema sabini","Charadriiformes","Laridae","Xema","sabini"
"163",429,600,"Bonaparte's Gull","Mouette de Bonaparte","Chroicocephalus philadelphia","Charadriiformes","Laridae","Chroicocephalus","philadelphia"
"164",431,551,"Black-headed Gull","Mouette rieuse","Chroicocephalus ridibundus","Charadriiformes","Laridae","Chroicocephalus","ridibundus"
"165",432,601,"Little Gull","Mouette pygmée","Hydrocoloeus minutus","Charadriiformes","Laridae","Hydrocoloeus","minutus"
"166",433,610,"Ross's Gull","Mouette rosée","Rhodostethia rosea","Charadriiformes","Laridae","Rhodostethia","rosea"
"167",435,580,"Laughing Gull","Mouette atricille","Leucophaeus atricilla","Charadriiformes","Laridae","Leucophaeus","atricilla"
"168",436,590,"Franklin's Gull","Mouette de Franklin","Leucophaeus pipixcan","Charadriiformes","Laridae","Leucophaeus","pipixcan"
"169",439,570,"Heermann's Gull","Goéland de Heermann","Larus heermanni","Charadriiformes","Laridae","Larus","heermanni"
"170",440,550,"Mew Gull","Goéland cendré","Larus canus","Charadriiformes","Laridae","Larus","canus"
"171",441,540,"Ring-billed Gull","Goéland à bec cerclé","Larus delawarensis","Charadriiformes","Laridae","Larus","delawarensis"
"172",442,490,"Western Gull","Goéland d'Audubon","Larus occidentalis","Charadriiformes","Laridae","Larus","occidentalis"
"173",444,530,"California Gull","Goéland de Californie","Larus californicus","Charadriiformes","Laridae","Larus","californicus"
"174",445,510,"Herring Gull","Goéland argenté","Larus argentatus","Charadriiformes","Laridae","Larus","argentatus"
"175",447,430,"Iceland Gull","Goéland arctique","Larus glaucoides","Charadriiformes","Laridae","Larus","glaucoides"
"176",448,500,"Lesser Black-backed Gull","Goéland brun","Larus fuscus","Charadriiformes","Laridae","Larus","fuscus"
"177",449,480,"Slaty-backed Gull","Goéland à manteau ardoisé","Larus schistisagus","Charadriiformes","Laridae","Larus","schistisagus"
"178",450,440,"Glaucous-winged Gull","Goéland à ailes grises","Larus glaucescens","Charadriiformes","Laridae","Larus","glaucescens"
"179",451,495,"hybrid Western Gull x Glaucous-winged Gull","hybride Goéland à ailes grises x d'Audubon","Larus occidentalis x glaucescens","Charadriiformes","Laridae","Larus","occidentalis x glaucescens"
"180",452,420,"Glaucous Gull","Goéland bourgmestre","Larus hyperboreus","Charadriiformes","Laridae","Larus","hyperboreus"
"181",453,470,"Great Black-backed Gull","Goéland marin","Larus marinus","Charadriiformes","Laridae","Larus","marinus"
"182",455,534,"unid. gull","unid Goéland sp.","Gull sp.","Charadriiformes","Laridae","Gull","sp."
"183",462,730,"Aleutian Tern","Sterne des Aléoutiennes","Onychoprion aleuticus","Charadriiformes","Laridae","Onychoprion","aleuticus"
"184",463,740,"Least Tern","Petite Sterne","Sternula antillarum","Charadriiformes","Laridae","Sternula","antillarum"
"185",465,630,"Gull-billed Tern","Sterne hansel","Gelochelidon nilotica","Charadriiformes","Laridae","Gelochelidon","nilotica"
"186",466,640,"Caspian Tern","Sterne caspienne","Hydroprogne caspia","Charadriiformes","Laridae","Hydroprogne","caspia"
"187",467,770,"Black Tern","Guifette noire","Chlidonias niger","Charadriiformes","Laridae","Chlidonias","niger"
"188",470,720,"Roseate Tern","Sterne de Dougall","Sterna dougallii","Charadriiformes","Laridae","Sterna","dougallii"
"189",471,700,"Common Tern","Sterne pierregarin","Sterna hirundo","Charadriiformes","Laridae","Sterna","hirundo"
"190",472,710,"Arctic Tern","Sterne arctique","Sterna paradisaea","Charadriiformes","Laridae","Sterna","paradisaea"
"191",473,690,"Forster's Tern","Sterne de Forster","Sterna forsteri","Charadriiformes","Laridae","Sterna","forsteri"
"192",474,650,"Royal Tern","Sterne royale","Thalasseus maximus","Charadriiformes","Laridae","Thalasseus","maximus"
"193",475,670,"Sandwich Tern","Sterne caugek","Thalasseus sandvicensis","Charadriiformes","Laridae","Thalasseus","sandvicensis"
"194",476,660,"Elegant Tern","Sterne élégante","Thalasseus elegans","Charadriiformes","Laridae","Thalasseus","elegans"
"195",477,634,"unid. tern","unid Sterne sp.","Tern sp.","Charadriiformes","Laridae","Tern","sp."
"196",478,800,"Black Skimmer","Bec-en-ciseaux noir","Rynchops niger","Charadriiformes","Laridae","Rynchops","niger"
"197",483,110,"Red-throated Loon","Plongeon catmarin","Gavia stellata","Gaviiformes","Gaviidae","Gavia","stellata"
"198",484,90,"Arctic Loon","Plongeon arctique","Gavia arctica","Gaviiformes","Gaviidae","Gavia","arctica"
"199",485,100,"Pacific Loon","Plongeon du Pacifique","Gavia pacifica","Gaviiformes","Gaviidae","Gavia","pacifica"
"200",486,70,"Common Loon","Plongeon huard","Gavia immer","Gaviiformes","Gaviidae","Gavia","immer"
"201",487,80,"Yellow-billed Loon","Plongeon à bec blanc","Gavia adamsii","Gaviiformes","Gaviidae","Gavia","adamsii"
"202",488,77,"unid. loon","plongeon sp.","Gavia sp.","Gaviiformes","Gaviidae","Gavia","sp."
"203",505,1060,"Leach's Storm-Petrel","Océanite cul-blanc","Oceanodroma leucorhoa","Procellariiformes","Hydrobatidae","Oceanodroma","leucorhoa"
"204",515,860,"Northern Fulmar","Fulmar boréal","Fulmarus glacialis","Procellariiformes","Procellariidae","Fulmarus","glacialis"
"205",538,880,"Cory's Shearwater","Puffin cendré","Calonectris diomedea","Procellariiformes","Procellariidae","Calonectris","diomedea"
"206",549,900,"Manx Shearwater","Puffin des Anglais","Puffinus puffinus","Procellariiformes","Procellariidae","Puffinus","puffinus"
"207",556,1880,"Wood Stork","Tantale d'Amérique","Mycteria americana","Ciconiiformes","Ciconiidae","Mycteria","americana"
"208",557,1280,"Magnificent Frigatebird","Frégate superbe","Fregata magnificens","Suliformes","Fregatidae","Fregata","magnificens"
"209",560,1140,"Masked Booby","Fou masqué","Sula dactylatra","Suliformes","Sulidae","Sula","dactylatra"
"210",562,1141,"Blue-footed Booby","Fou à pieds bleus","Sula nebouxii","Suliformes","Sulidae","Sula","nebouxii"
"211",563,1150,"Brown Booby","Fou brun","Sula leucogaster","Suliformes","Sulidae","Sula","leucogaster"
"212",565,1170,"Northern Gannet","Fou de Bassan","Morus bassanus","Suliformes","Sulidae","Morus","bassanus"
"213",566,1220,"Brandt's Cormorant","Cormoran de Brandt","Phalacrocorax penicillatus","Suliformes","Phalacrocoracidae","Phalacrocorax","penicillatus"
"214",567,1210,"Neotropic Cormorant","Cormoran vigua","Phalacrocorax brasilianus","Suliformes","Phalacrocoracidae","Phalacrocorax","brasilianus"
"215",568,1200,"Double-crested Cormorant","Cormoran à aigrettes","Phalacrocorax auritus","Suliformes","Phalacrocoracidae","Phalacrocorax","auritus"
"216",569,1206,"unid. Double-crested Cormorant / Great Cormorant","Cormoran à aigrettes / Grand Cormoran","Phalacrocorax auritus / carbo","Suliformes","Phalacrocoracidae","Phalacrocorax","auritus / carbo"
"217",570,1190,"Great Cormorant","Grand Cormoran","Phalacrocorax carbo","Suliformes","Phalacrocoracidae","Phalacrocorax","carbo"
"218",571,1205,"unid. Neotropic / Double-crested Cormorant","Cormoran vigua / Cormoran à aigrettes","Phalacrocorax brasilianus / auritus","Suliformes","Phalacrocoracidae","Phalacrocorax","brasilianus / auritus"
"219",573,1230,"Pelagic Cormorant","Cormoran pélagique","Phalacrocorax pelagicus","Suliformes","Phalacrocoracidae","Phalacrocorax","pelagicus"
"220",574,1207,"unid. west coast cormorant","unid Cormoran de la côte ouest","Phalacrocorax sp.","Suliformes","Phalacrocoracidae","Phalacrocorax","sp."
"221",575,1180,"Anhinga","Anhinga d'Amérique","Anhinga anhinga","Suliformes","Anhingidae","Anhinga","anhinga"
"222",576,1250,"American White Pelican","Pélican d'Amérique","Pelecanus erythrorhynchos","Pelecaniformes","Pelecanidae","Pelecanus","erythrorhynchos"
"223",577,1260,"Brown Pelican","Pélican brun","Pelecanus occidentalis","Pelecaniformes","Pelecanidae","Pelecanus","occidentalis"
"224",579,1900,"American Bittern","Butor d'Amérique","Botaurus lentiginosus","Pelecaniformes","Ardeidae","Botaurus","lentiginosus"
"225",581,1910,"Least Bittern","Petit Blongios","Ixobrychus exilis","Pelecaniformes","Ardeidae","Ixobrychus","exilis"
"226",583,1940,"Great Blue Heron","Grand Héron","Ardea herodias","Pelecaniformes","Ardeidae","Ardea","herodias"
"227",584,1920,"(Great White Heron) Great Blue Heron","Grand Héron (blanche)","Ardea herodias occidentalis","Pelecaniformes","Ardeidae","Ardea","herodias occidentalis"
"228",586,1960,"Great Egret","Grande Aigrette","Ardea alba","Pelecaniformes","Ardeidae","Ardea","alba"
"229",589,1961,"Little Egret","Aigrette garzette","Egretta garzetta","Pelecaniformes","Ardeidae","Egretta","garzetta"
"230",591,1970,"Snowy Egret","Aigrette neigeuse","Egretta thula","Pelecaniformes","Ardeidae","Egretta","thula"
"231",592,2000,"Little Blue Heron","Aigrette bleue","Egretta caerulea","Pelecaniformes","Ardeidae","Egretta","caerulea"
"232",593,1990,"Tricolored Heron","Aigrette tricolore","Egretta tricolor","Pelecaniformes","Ardeidae","Egretta","tricolor"
"233",594,1980,"Reddish Egret","Aigrette roussâtre","Egretta rufescens","Pelecaniformes","Ardeidae","Egretta","rufescens"
"234",595,2001,"Cattle Egret","Héron garde-boeufs","Bubulcus ibis","Pelecaniformes","Ardeidae","Bubulcus","ibis"
"235",597,2010,"Green Heron","Héron vert","Butorides virescens","Pelecaniformes","Ardeidae","Butorides","virescens"
"236",600,2020,"Black-crowned Night-Heron","Bihoreau gris","Nycticorax nycticorax","Pelecaniformes","Ardeidae","Nycticorax","nycticorax"
"237",601,2030,"Yellow-crowned Night-Heron","Bihoreau violacé","Nyctanassa violacea","Pelecaniformes","Ardeidae","Nyctanassa","violacea"
"238",602,2035,"unid Black-crowned / Yellow-crowned Night-Heron","unid Bihoreau gris / Bihoreau violacé","Nycticorax / Nyctanassa nycticorax / violacea","Pelecaniformes","Ardeidae","Nycticorax / Nyctanassa","nycticorax / violacea"
"239",604,1945,"unid. heron / egret","unid héron / aigrette sp.","Ardeid sp.","Pelecaniformes","Ardeidae","Ardeid","sp."
"240",605,1840,"White Ibis","Ibis blanc","Eudocimus albus","Pelecaniformes","Threskiornithidae","Eudocimus","albus"
"241",607,1860,"Glossy Ibis","Ibis falcinelle","Plegadis falcinellus","Pelecaniformes","Threskiornithidae","Plegadis","falcinellus"
"242",608,1870,"White-faced Ibis","Ibis à face blanche","Plegadis chihi","Pelecaniformes","Threskiornithidae","Plegadis","chihi"
"243",609,1861,"unid. Glossy Ibis / White-faced Ibis","unid Ibis falcinelle / Ibis à face blanche","Plegadis falcinellus / chihi","Pelecaniformes","Threskiornithidae","Plegadis","falcinellus / chihi"
"244",610,1830,"Roseate Spoonbill","Spatule rosée","Platalea ajaja","Pelecaniformes","Threskiornithidae","Platalea","ajaja"
"245",614,3255,"unid. Black Vulture / Turkey Vulture","unid Urubu noir / Urubu à tête rouge","Coragyps / Cathartes atratus / aura","Cathartiformes","Cathartidae","Coragyps / Cathartes","atratus / aura"
"246",635,3333,"unid. Accipiter hawk","unid épervier sp.","Accipiter sp.","Accipitriformes","Accipitridae","Accipiter","sp."
"247",662,3451,"unid. Buteo hawk","unid Buse sp.","Buteo sp.","Accipitriformes","Accipitridae","Buteo","sp."
"248",663,3650,"Barn Owl","Effraie des clochers","Tyto alba","Strigiformes","Tytonidae","Tyto","alba"
"249",665,3740,"Flammulated Owl","Petit-duc nain","Psiloscops flammeolus","Strigiformes","Strigidae","Psiloscops","flammeolus"
"250",666,3732,"Western Screech-Owl","Petit-duc des montagnes","Megascops kennicottii","Strigiformes","Strigidae","Megascops","kennicottii"
"251",667,3730,"Eastern Screech-Owl","Petit-duc maculé","Megascops asio","Strigiformes","Strigidae","Megascops","asio"
"252",670,3731,"Whiskered Screech-Owl","Petit-duc à moustaches","Megascops trichopsis","Strigiformes","Strigidae","Megascops","trichopsis"
"253",675,3750,"Great Horned Owl","Grand-duc d'Amérique","Bubo virginianus","Strigiformes","Strigidae","Bubo","virginianus"
"254",676,3760,"Snowy Owl","Harfang des neiges","Bubo scandiacus","Strigiformes","Strigidae","Bubo","scandiacus"
"255",677,3770,"Northern Hawk Owl","Chouette épervière","Surnia ulula","Strigiformes","Strigidae","Surnia","ulula"
"256",678,3790,"Northern Pygmy-Owl","Chevêchette naine","Glaucidium gnoma","Strigiformes","Strigidae","Glaucidium","gnoma"
"257",682,3800,"Ferruginous Pygmy-Owl","Chevêchette brune","Glaucidium brasilianum","Strigiformes","Strigidae","Glaucidium","brasilianum"
"258",683,3810,"Elf Owl","Chevêchette des saguaros","Micrathene whitneyi","Strigiformes","Strigidae","Micrathene","whitneyi"
"259",684,3780,"Burrowing Owl","Chevêche des terriers","Athene cunicularia","Strigiformes","Strigidae","Athene","cunicularia"
"260",687,3690,"Spotted Owl","Chouette tachetée","Strix occidentalis","Strigiformes","Strigidae","Strix","occidentalis"
"261",688,3680,"Barred Owl","Chouette rayée","Strix varia","Strigiformes","Strigidae","Strix","varia"
"262",690,3700,"Great Gray Owl","Chouette lapone","Strix nebulosa","Strigiformes","Strigidae","Strix","nebulosa"
"263",691,3660,"Long-eared Owl","Hibou moyen-duc","Asio otus","Strigiformes","Strigidae","Asio","otus"
"264",693,3670,"Short-eared Owl","Hibou des marais","Asio flammeus","Strigiformes","Strigidae","Asio","flammeus"
"265",695,3710,"Boreal Owl","Nyctale de Tengmalm","Aegolius funereus","Strigiformes","Strigidae","Aegolius","funereus"
"266",696,3720,"Northern Saw-whet Owl","Petite Nyctale","Aegolius acadicus","Strigiformes","Strigidae","Aegolius","acadicus"
"267",716,3901,"Ringed Kingfisher","Martin-pêcheur à ventre roux","Megaceryle torquata","Coraciiformes","Alcedinidae","Megaceryle","torquata"
"268",717,3900,"Belted Kingfisher","Martin-pêcheur d'Amérique","Megaceryle alcyon","Coraciiformes","Alcedinidae","Megaceryle","alcyon"
"269",719,3910,"Green Kingfisher","Martin-pêcheur vert","Chloroceryle americana","Coraciiformes","Alcedinidae","Chloroceryle","americana"
"270",742,4022,"unid. sapsucker","unid Sphyrapicus sp.","Sphyrapicus sp.","Piciformes","Picidae","Sphyrapicus","sp."
"271",765,3920,"unid. woodpecker","unid Pic sp.","Woodpecker sp.","Piciformes","Picidae","Woodpecker","sp."
"272",801,3827,"unid. White-winged / Yellow-chevroned Parakeet","Toui à ailes variées / Toui à ailes jaunes","Brotogeris versicolurus / chiriri","Psittaciformes","Psittacidae","Brotogeris","versicolurus / chiriri"
"273",899,4462,"unid. Tropical Kingbird / Couch's Kingbird","unid Tyran mélancolique / Tyran de Couch","Tyrannus melancholicus / couchii","Passeriformes","Tyrannidae","Tyrannus","melancholicus / couchii"
"274",903,4447,"unid. Cassin's Kingbird / Western Kingbird","unid Tyran de Cassin / Tyran de l'Ouest","Tyrannus vociferans / verticalis","Passeriformes","Tyrannidae","Tyrannus","vociferans / verticalis"
"275",922,4665,"unid. Alder Flycatcher / Willow Flycatcher","unid Moucherolle des aulnes / des saules","Empidonax alnorum / traillii","Passeriformes","Tyrannidae","Empidonax","alnorum / traillii"
"276",928,4689,"unid. Hammond's Flycatcher / Dusky Flycatcher","unid Moucherolle Hammond's / Moucherolle Dusky","Empidonax hammondii / oberholseri","Passeriformes","Tyrannidae","Empidonax","hammondii / oberholseri"
"277",932,4642,"unid. Cordilleran / Pacific-slope Flycatcher","unid Moucherolle côtier / Moucherolle des ravins","Empidonax difficilis / occidentalis","Passeriformes","Tyrannidae","Empidonax","difficilis / occidentalis"
"278",935,4679,"unid. Empidonax flycatcher","unid Empidonax sp.","Empidonax sp.","Passeriformes","Tyrannidae","Empidonax","sp."
"279",963,6295,"unid. Cassin's Vireo / Blue-headed Vireo","unid Viréo de Cassin / Viréo à tête bleue","Vireo cassinii / solitarius","Passeriformes","Vireonidae","Vireo","cassinii / solitarius"
"280",965,6296,"unid. Plumbeous Vireo / Cassin's Vireo","unid Viréo plombé / Viréo de Cassin","Vireo plumbeus / cassinii","Passeriformes","Vireonidae","Vireo","plumbeus / cassinii"
"281",993,4810,"unid. California Scrub-Jay / Woodhouse's Scrub-Jay","unid Geai buissonnier / Geai de Woodhouse","Aphelocoma californica / woodhouseii","Passeriformes","Corvidae","Aphelocoma","californica / woodhouseii"
"282",1006,4881,"unid. American Crow / Fish Crow","unid Corneille d'Amérique / Corneille de rivage","Corvus brachyrhynchos / ossifragus","Passeriformes","Corvidae","Corvus","brachyrhynchos / ossifragus"
"283",1007,4882,"unid. American Crow / Northwestern Crow","unid Corneille d'Amérique / Corneille d'Alaska","Corvus brachyrhynchos / caurinus","Passeriformes","Corvidae","Corvus","brachyrhynchos / caurinus"
"284",1010,4865,"unid. Chihuahuan Raven / Common Raven","unid Grand Corbeau / Corbeau à cou blanc","Corvus cryptoleucus / corax","Passeriformes","Corvidae","Corvus","cryptoleucus / corax"
"285",1030,6122,"unid. Cave Swallow / Cliff Swallow","unid Hirondelle à front blanc / à front brun","Petrochelidon pyrrhonota / fulva","Passeriformes","Hirundinidae","Petrochelidon","pyrrhonota / fulva"
"286",1040,7352,"unid. Carolina Chickadee / Black-capped Chickadee","unid Mésange de Caroline / Mésange à tête noire","Poecile carolinensis / atricapillus","Passeriformes","Paridae","Poecile","carolinensis / atricapillus"
"287",1041,7353,"unid. Black-capped Chickadee / Mountain Chickadee","unid Mésange à tête noire / Mésange de Gambel","Poecile atricapillus / gambeli","Passeriformes","Paridae","Poecile","atricapillus / gambeli"
"288",1042,7354,"unid. Black-capped Chickadee / Boreal Chickadee","unid Mésange à tête noire / Mésange à tête brune","Poecile atricapillus / hudsonicus","Passeriformes","Paridae","Poecile","atricapillus / hudsonicus"
"289",1043,7351,"unid. western chickadee species","unid Mésange sp. de l'Ouest","Poecile sp.","Passeriformes","Paridae","Poecile","sp."
"290",1047,7332,"unid. Oak Titmouse / Juniper Titmouse","unid unid Mésange unicolore / Mésange des genévrie","Baeolophus inornatus / ridgwayi","Passeriformes","Paridae","Baeolophus","inornatus / ridgwayi"
"291",1050,7315,"unid. Tufted Titmouse / Black-crested Titmouse","unid Mésange bicolore / Mésange à plumet noir","Baeolophus bicolor / atricristatus","Passeriformes","Paridae","Baeolophus","bicolor / atricristatus"
"292",1069,7220,"unid. Pacific Wren / Winter Wren","unid Troglodyte des forêts / Troglodyte de Baird","Troglodytes pacificus / hiemalis","Passeriformes","Troglodytidae","Troglodytes","pacificus / hiemalis"
"293",1095,7539,"unid. Blue-gray / Black-tailed Gnatcatcher","unid Gobemoucheron gris-bleu / à queue noire","Polioptila caerulea / melanura","Passeriformes","Polioptilidae","Polioptila","caerulea / melanura"
"294",1099,7010,"American Dipper","Cincle d'Amérique","Cinclus mexicanus","Passeriformes","Cinclidae","Cinclus","mexicanus"
"295",1189,6185,"unid. Cedar Waxwing / Bohemian Waxwing","unid Jaseur sp.","Bombycilla garrulus / cedrorum","Passeriformes","Bombycillidae","Bombycilla","garrulus / cedrorum"
"296",1231,5195,"unid. Purple Finch / Cassin's Finch / House Finch","unid Roselin pourpré / de Cassin / familier","Carpodacus purpureus / cassinii / mexicanus","Passeriformes","Fringillidae","Carpodacus","purpureus / cassinii / mexicanus"
"297",1236,5275,"unid. Common Redpoll / Hoary Redpoll","unid Sizerin flame / Sizerin blanchâtre","Carduelis flammea / hornemanni","Passeriformes","Fringillidae","Carduelis","flammea / hornemanni"
"298",1239,5212,"Unid. Cassia Crossbill / Red Crossbill","Unid Bec-croisé de l'Idaho / des sapins","Loxia sinesciuris / curvirostra","Passeriformes","Fringillidae","Loxia","sinesciuris / curvirostra"
"299",1241,5225,"unid. Red Crossbill / White-winged Crossbill","unid Bec-croisé des sapins / Bec-croisé bifascié","Loxia curvirostra / leucoptera","Passeriformes","Fringillidae","Loxia","curvirostra / leucoptera"
"300",1277,5871,"unid. Spotted Towhee / Eastern Towhee","unid Tohi tacheté / Tohi à flancs roux","Pipilo maculatus / erythrophthalmus","Passeriformes","Passerellidae","Pipilo","maculatus / erythrophthalmus"
"301",1310,5740,"unid. Sagebrush Sparrow / Bell's Sparrow","unid Bruant des armoises / Burant de Bell","Artemisiospiza nevadensis / belli","Passeriformes","Passerellidae","Artemisiospiza","nevadensis / belli"
"302",1346,5012,"unid. Eastern Meadowlark / Western Meadowlark","unid Sturnelle des prés / Sturnelle de l'Ouest","Sturnella magna / neglecta","Passeriformes","Icteridae","Sturnella","magna / neglecta"
"303",1365,5078,"hybrid Bullock's Oriole x Baltimore Oriole","hybride Oriole de Baltimore x Oriole de Bullock's","Icterus bullockii x galbula","Passeriformes","Icteridae","Icterus","bullockii x galbula"
"304",1366,5077,"unid. Bullock's Oriole / Baltimore Oriole","unid Oriole de Baltimore / Oriole de Bullock's","Icterus bullockii / galbula","Passeriformes","Icteridae","Icterus","bullockii / galbula"
"305",1376,4955,"unid. Bronzed Cowbird / Brown-headed Cowbird","unid Vacher bronzé / à tête brune","Molothrus aeneus / ater","Passeriformes","Icteridae","Molothrus","aeneus / ater"
"306",1383,5135,"unid. Boat-tailed Grackle / Great-tailed Grackle","unid Quiscale des marais / Quiscale à longue queue","Quiscalus major / mexicanus","Passeriformes","Icteridae","Quiscalus","major / mexicanus"
"307",1390,6412,"Brewster's Warbler (Golden-winged x Blue-winged)","Paruline de Brewster","Vermivora cyanoptera x chrysoptera","Passeriformes","Parulidae","Vermivora","cyanoptera x chrysoptera"
"308",1391,6413,"Lawrence's Warbler (Golden-winged x Blue-winged)","Paruline de Lawrence","Vermivora chrysoptera x cyanoptera","Passeriformes","Parulidae","Vermivora","chrysoptera x cyanoptera"
"309",1437,6686,"hybrid Townsend's Warbler x Hermit Warbler","hybride Paruline de Townsend x à tête jaune","Setophaga townsendi x occidentalis","Passeriformes","Parulidae","Setophaga","townsendi x occidentalis"
"310",1438,6685,"unid. Townsend's Warbler / Hermit Warbler","unid Paruline de Townsend / Paruline à tête jaune","Setophaga townsendi / occidentalis","Passeriformes","Parulidae","Setophaga","townsendi / occidentalis"
"311",1466,5935,"unid. Northern Cardinal / Pyrrhuloxia","unid Cardinal rouge / Cardinal pyrrhuloxia","Cardinalis cardinalis / sinuatus","Passeriformes","Cardinalidae","Cardinalis","cardinalis / sinuatus"
"312",1478,5986,"hybrid Lazuli Bunting x Indigo Bunting","hybride Passerin azuré x Passerin indigo","Passerina amoena x cyanea","Passeriformes","Cardinalidae","Passerina","amoena x cyanea"
